年月,年,月,行業代號,行業名稱,家數
201801,2018,01,561,　　餐館業,103969
201801,2018,01,562,　　飲料店業,21346
201801,2018,01,563,　　餐飲攤販業,9141
201802,2018,02,561,　　餐食業,112396
201802,2018,02,562,　　外燴及團膳承包業,2434
201802,2018,02,563,　　飲料業,21978
201803,2018,03,561,　　餐食業,112545
201803,2018,03,562,　　外燴及團膳承包業,2431
201803,2018,03,563,　　飲料業,22002
201804,2018,04,561,　　餐食業,112705
201804,2018,04,562,　　外燴及團膳承包業,2418
201804,2018,04,563,　　飲料業,22136
201805,2018,05,561,　　餐食業,112950
201805,2018,05,562,　　外燴及團膳承包業,2408
201805,2018,05,563,　　飲料業,22246
201806,2018,06,561,　　餐食業,113304
201806,2018,06,562,　　外燴及團膳承包業,2391
201806,2018,06,563,　　飲料業,22481
201807,2018,07,561,　　餐食業,113533
201807,2018,07,562,　　外燴及團膳承包業,2383
201807,2018,07,563,　　飲料業,22751
201808,2018,08,561,　　餐食業,113772
201808,2018,08,562,　　外燴及團膳承包業,2371
201808,2018,08,563,　　飲料業,22882
201809,2018,09,561,　　餐食業,114331
201809,2018,09,562,　　外燴及團膳承包業,2374
201809,2018,09,563,　　飲料業,23069
201810,2018,10,561,　　餐食業,114891
201810,2018,10,562,　　外燴及團膳承包業,2367
201810,2018,10,563,　　飲料業,23145
201811,2018,11,561,　　餐食業,115458
201811,2018,11,562,　　外燴及團膳承包業,2354
201811,2018,11,563,　　飲料業,23134
201812,2018,12,561,　　餐食業,116311
201812,2018,12,562,　　外燴及團膳承包業,2348
201812,2018,12,563,　　飲料業,23164
201901,2019,01,561,　　餐食業,116311
201901,2019,01,562,　　外燴及團膳承包業,2348
201901,2019,01,563,　　飲料業,23164
201902,2019,02,561,　　餐食業,116276
201902,2019,02,562,　　外燴及團膳承包業,2346
201902,2019,02,563,　　飲料業,23115
201903,2019,03,561,　　餐食業,116290
201903,2019,03,562,　　外燴及團膳承包業,2340
201903,2019,03,563,　　飲料業,23120
201904,2019,04,561,　　餐食業,116637
201904,2019,04,562,　　外燴及團膳承包業,2348
201904,2019,04,563,　　飲料業,23181
201905,2019,05,561,　　餐食業,116813
201905,2019,05,562,　　外燴及團膳承包業,2349
201905,2019,05,563,　　飲料業,23301
201906,2019,06,561,　　餐食業,117044
201906,2019,06,562,　　外燴及團膳承包業,2351
201906,2019,06,563,　　飲料業,23450
201907,2019,07,561,　　餐食業,117217
201907,2019,07,562,　　外燴及團膳承包業,2340
201907,2019,07,563,　　飲料業,23552
201908,2019,08,561,　　餐食業,117546
201908,2019,08,562,　　外燴及團膳承包業,2332
201908,2019,08,563,　　飲料業,23706
201909,2019,09,561,　　餐食業,117981
201909,2019,09,562,　　外燴及團膳承包業,2328
201909,2019,09,563,　　飲料業,23835
201910,2019,10,561,　　餐食業,118563
201910,2019,10,562,　　外燴及團膳承包業,2317
201910,2019,10,563,　　飲料業,23828
201911,2019,11,561,　　餐食業,118967
201911,2019,11,562,　　外燴及團膳承包業,2321
201911,2019,11,563,　　飲料業,23850
201912,2019,12,561,　　餐食業,119356
201912,2019,12,562,　　外燴及團膳承包業,2317
201912,2019,12,563,　　飲料業,23805
202001,2020,01,561,　　餐食業,119861
202001,2020,01,562,　　外燴及團膳承包業,2299
202001,2020,01,563,　　飲料業,23849
202002,2020,02,561,　　餐食業,119805
202002,2020,02,562,　　外燴及團膳承包業,2303
202002,2020,02,563,　　飲料業,23807
202003,2020,03,561,　　餐食業,119951
202003,2020,03,562,　　外燴及團膳承包業,2293
202003,2020,03,563,　　飲料業,23849
202004,2020,04,561,　　餐食業,120088
202004,2020,04,562,　　外燴及團膳承包業,2280
202004,2020,04,563,　　飲料業,23939
202005,2020,05,561,　　餐食業,120083
202005,2020,05,562,　　外燴及團膳承包業,2277
202005,2020,05,563,　　飲料業,24045
202006,2020,06,561,　　餐食業,120532
202006,2020,06,562,　　外燴及團膳承包業,2273
202006,2020,06,563,　　飲料業,24259
202007,2020,07,561,　　餐食業,121073
202007,2020,07,562,　　外燴及團膳承包業,2278
202007,2020,07,563,　　飲料業,24452
202008,2020,08,561,　　餐食業,121652
202008,2020,08,562,　　外燴及團膳承包業,2270
202008,2020,08,563,　　飲料業,24730
202009,2020,09,561,　　餐食業,122566
202009,2020,09,562,　　外燴及團膳承包業,2268
202009,2020,09,563,　　飲料業,25062
202010,2020,10,561,　　餐食業,123400
202010,2020,10,562,　　外燴及團膳承包業,2264
202010,2020,10,563,　　飲料業,25250
202011,2020,11,561,　　餐食業,124264
202011,2020,11,562,　　外燴及團膳承包業,2268
202011,2020,11,563,　　飲料業,25427
202012,2020,12,561,　　餐食業,125019
202012,2020,12,562,　　外燴及團膳承包業,2265
202012,2020,12,563,　　飲料業,25505
202101,2021,01,561,　　餐食業,125791
202101,2021,01,562,　　外燴及團膳承包業,2273
202101,2021,01,563,　　飲料業,25625
202102,2021,02,561,　　餐食業,126196
202102,2021,02,562,　　外燴及團膳承包業,2280
202102,2021,02,563,　　飲料業,25711
202103,2021,03,561,　　餐食業,126470
202103,2021,03,562,　　外燴及團膳承包業,2280
202103,2021,03,563,　　飲料業,25757
202104,2021,04,561,　　餐食業,126881
202104,2021,04,562,　　外燴及團膳承包業,2276
202104,2021,04,563,　　飲料業,25951
202105,2021,05,561,　　餐食業,127554
202105,2021,05,562,　　外燴及團膳承包業,2283
202105,2021,05,563,　　飲料業,26249
202106,2021,06,561,　　餐食業,127760
202106,2021,06,562,　　外燴及團膳承包業,2281
202106,2021,06,563,　　飲料業,26478
202107,2021,07,561,　　餐食業,127868
202107,2021,07,562,　　外燴及團膳承包業,2275
202107,2021,07,563,　　飲料業,26625
202108,2021,08,561,　　餐食業,127918
202108,2021,08,562,　　外燴及團膳承包業,2274
202108,2021,08,563,　　飲料業,26747
202109,2021,09,561,　　餐食業,128163
202109,2021,09,562,　　外燴及團膳承包業,2261
202109,2021,09,563,　　飲料業,26881
202110,2021,10,561,　　餐食業,128537
202110,2021,10,562,　　外燴及團膳承包業,2254
202110,2021,10,563,　　飲料業,26971
202111,2021,11,561,　　餐食業,129224
202111,2021,11,562,　　外燴及團膳承包業,2252
202111,2021,11,563,　　飲料業,27135
202112,2021,12,561,　　餐食業,129789
202112,2021,12,562,　　外燴及團膳承包業,2257
202112,2021,12,563,　　飲料業,27238
202201,2022,01,561,　　餐食業,130469
202201,2022,01,562,　　外燴及團膳承包業,2255
202201,2022,01,563,　　飲料業,27414
202202,2022,02,561,　　餐食業,130451
202202,2022,02,562,　　外燴及團膳承包業,2250
202202,2022,02,563,　　飲料業,27366
202203,2022,03,561,　　餐食業,130473
202203,2022,03,562,　　外燴及團膳承包業,2241
202203,2022,03,563,　　飲料業,27388
202204,2022,04,561,　　餐食業,130842
202204,2022,04,562,　　外燴及團膳承包業,2238
202204,2022,04,563,　　飲料業,27539
202205,2022,05,561,　　餐食業,131049
202205,2022,05,562,　　外燴及團膳承包業,2237
202205,2022,05,563,　　飲料業,27749
202206,2022,06,561,　　餐食業,131008
202206,2022,06,562,　　外燴及團膳承包業,2231
202206,2022,06,563,　　飲料業,27809
202207,2022,07,561,　　餐食業,131165
202207,2022,07,562,　　外燴及團膳承包業,2215
202207,2022,07,563,　　飲料業,28001
202208,2022,08,561,　　餐食業,131309
202208,2022,08,562,　　外燴及團膳承包業,2212
202208,2022,08,563,　　飲料業,28148
202209,2022,09,561,　　餐食業,131688
202209,2022,09,562,　　外燴及團膳承包業,2210
202209,2022,09,563,　　飲料業,28229
202210,2022,10,561,　　餐食業,132033
202210,2022,10,562,　　外燴及團膳承包業,2207
202210,2022,10,563,　　飲料業,28268
202211,2022,11,561,　　餐食業,132475
202211,2022,11,562,　　外燴及團膳承包業,2202
202211,2022,11,563,　　飲料業,28223
202212,2022,12,561,　　餐食業,132954
202212,2022,12,562,　　外燴及團膳承包業,2204
202212,2022,12,563,　　飲料業,28158
202301,2023,01,561,　　餐食業,133301
202301,2023,01,562,　　外燴及團膳承包業,2202
202301,2023,01,563,　　飲料業,28140
202302,2023,02,561,　　餐食業,133371
202302,2023,02,562,　　外燴及團膳承包業,2198
202302,2023,02,563,　　飲料業,27563
202303,2023,03,561,　　餐食業,133579
202303,2023,03,562,　　外燴及團膳承包業,2197
202303,2023,03,563,　　飲料業,27634
202304,2023,04,561,　　餐食業,134095
202304,2023,04,562,　　外燴及團膳承包業,2200
202304,2023,04,563,　　飲料業,27775
202305,2023,05,561,　　餐食業,134448
202305,2023,05,562,　　外燴及團膳承包業,2205
202305,2023,05,563,　　飲料業,27968
202306,2023,06,561,　　餐食業,134890
202306,2023,06,562,　　外燴及團膳承包業,2206
202306,2023,06,563,　　飲料業,28096
202307,2023,07,561,　　餐食業,135328
202307,2023,07,562,　　外燴及團膳承包業,2199
202307,2023,07,563,　　飲料業,28249
202308,2023,08,561,　　餐食業,135643
202308,2023,08,562,　　外燴及團膳承包業,2196
202308,2023,08,563,　　飲料業,28360
202309,2023,09,561,　　餐食業,136204
202309,2023,09,562,　　外燴及團膳承包業,2192
202309,2023,09,563,　　飲料業,28471
202310,2023,10,561,　　餐食業,136871
202310,2023,10,562,　　外燴及團膳承包業,2204
202310,2023,10,563,　　飲料業,28527
202311,2023,11,561,　　餐食業,137468
202311,2023,11,562,　　外燴及團膳承包業,2206
202311,2023,11,563,　　飲料業,28542
202312,2023,12,561,　　餐食業,138143
202312,2023,12,562,　　外燴及團膳承包業,2211
202312,2023,12,563,　　飲料業,28526
202401,2024,01,561,　　餐食業,138729
202401,2024,01,562,　　外燴及團膳承包業,2222
202401,2024,01,563,　　飲料業,28574
202402,2024,02,561,　　餐食業,138275
202402,2024,02,562,　　外燴及團膳承包業,2207
202402,2024,02,563,　　飲料業,28476
202403,2024,03,561,　　餐食業,138265
202403,2024,03,562,　　外燴及團膳承包業,2202
202403,2024,03,563,　　飲料業,28494
202404,2024,04,561,　　餐食業,138660
202404,2024,04,562,　　外燴及團膳承包業,2202
202404,2024,04,563,　　飲料業,28528
202405,2024,05,561,　　餐食業,138979
202405,2024,05,562,　　外燴及團膳承包業,2198
202405,2024,05,563,　　飲料業,28671
202406,2024,06,561,　　餐食業,139354
202406,2024,06,562,　　外燴及團膳承包業,2195
202406,2024,06,563,　　飲料業,28947
202407,2024,07,561,　　餐食業,139717
202407,2024,07,562,　　外燴及團膳承包業,2192
202407,2024,07,563,　　飲料業,29008
202408,2024,08,561,　　餐食業,140017
202408,2024,08,562,　　外燴及團膳承包業,2180
202408,2024,08,563,　　飲料業,29077
202409,2024,09,561,　　餐食業,140561
202409,2024,09,562,　　外燴及團膳承包業,2176
202409,2024,09,563,　　飲料業,29182
202410,2024,10,561,　　餐食業,140980
202410,2024,10,562,　　外燴及團膳承包業,2176
202410,2024,10,563,　　飲料業,29189
202411,2024,11,561,　　餐食業,141383
202411,2024,11,562,　　外燴及團膳承包業,2184
202411,2024,11,563,　　飲料業,29201
202412,2024,12,561,　　餐食業,141696
202412,2024,12,562,　　外燴及團膳承包業,2198
202412,2024,12,563,　　飲料業,29117
202501,2025,01,561,　　餐食業,142057
202501,2025,01,562,　　外燴及團膳承包業,2200
202501,2025,01,563,　　飲料業,29089
202502,2025,02,561,　　餐食業,142099
202502,2025,02,562,　　外燴及團膳承包業,2199
202502,2025,02,563,　　飲料業,29012
202503,2025,03,561,　　餐食業,142154
202503,2025,03,562,　　外燴及團膳承包業,2204
202503,2025,03,563,　　飲料業,28991
202504,2025,04,561,　　餐食業,142468
202504,2025,04,562,　　外燴及團膳承包業,2198
202504,2025,04,563,　　飲料業,29004
202505,2025,05,561,　　餐食業,142741
202505,2025,05,562,　　外燴及團膳承包業,2199
202505,2025,05,563,　　飲料業,29096
202506,2025,06,561,　　餐食業,143263
202506,2025,06,562,　　外燴及團膳承包業,2193
202506,2025,06,563,　　飲料業,29196
202507,2025,07,561,　　餐食業,143685
202507,2025,07,562,　　外燴及團膳承包業,2195
202507,2025,07,563,　　飲料業,29311
202508,2025,08,561,　　餐食業,144093
202508,2025,08,562,　　外燴及團膳承包業,2193
202508,2025,08,563,　　飲料業,29431
202509,2025,09,561,　　餐食業,144865
202509,2025,09,562,　　外燴及團膳承包業,2200
202509,2025,09,563,　　飲料業,29524
202510,2025,10,561,　　餐食業,145496
202510,2025,10,562,　　外燴及團膳承包業,2205
202510,2025,10,563,　　飲料業,29582
202511,2025,11,561,　　餐食業,146140
202511,2025,11,562,　　外燴及團膳承包業,2206
202511,2025,11,563,　　飲料業,29513
202512,2025,12,561,　　餐食業,146732
202512,2025,12,562,　　外燴及團膳承包業,2206
202512,2025,12,563,　　飲料業,29485
